{
    "name": "8e86a5b6-b9bd-49d1-8e21-4bb8a0862222",
    "type": "Microsoft.Authorization/policyDefinitions",
    "properties": {
      "displayName": "Configure_Azure_Defender_For_Servers_Custom_Brijesh",
      "policyType": "BuiltIn",
      "mode": "All",
      "description": "Azure Defender for servers provides real-time threat protection for server workloads and generates hardening recommendations as well as alerts about suspicious activities.",
      "metadata": {
        "version": "1.0.1",
        "category": "Security Center"
      },
      "parameters": {
        "effect": {
          "type": "String",
          "metadata": {
            "displayName": "Effect",
            "description": "Enable or disable the execution of the policy"
          },
          "allowedValues": [
            "DeployIfNotExists",
            "Disabled"
          ],
          "defaultValue": "DeployIfNotExists"
        }
      },
      "policyRule": {
        "if": {
          "allOf": [
            {
              "field": "type",
              "equals": "Microsoft.Resources/subscriptions"
            }
          ]
        },
        "then": {
          "effect": "[parameters('effect')]",
          "details": {
            "type": "Microsoft.Security/pricings",
            "name": "VirtualMachines",
            "deploymentScope": "subscription",
            "existenceScope": "subscription",
            "roleDefinitionIds": [
              "/providers/Microsoft.Authorization/roleDefinitions/fb1c8493-542b-48eb-b624-b4c8fea62acd"
            ],
            "existenceCondition": {
              "field": "Microsoft.Security/pricings/pricingTier",
              "equals": "Standard"
            },
            "deployment": {
              "location": "eastus",
              "properties": {
                "mode": "incremental",
                "parameters": {},
                "template": {
                  "$schema": "https://schema.management.azure.com/schemas/2015-01-01/deploymentTemplate.json#",
                  "contentVersion": "1.0.0.0",
                  "parameters": {},
                  "variables": {},
                  "resources": [
                    {
                      "type": "Microsoft.Security/pricings",
                      "apiVersion": "2023-01-01",
                      "name": "VirtualMachines",
                      "properties": {
                        "pricingTier": "Standard",
                        "freeTrialRemainingTime": "PT0S",
                        "enablementTime": "2023-03-01T12:42:42.1921106Z",
                        "subPlan": "P2"
                      }
                    }
                  ],
                  "outputs": {}
                }
              }
            }
          }
        }
      }
    },
    "id": "/providers/Microsoft.Authorization/policyDefinitions/8e86a5b6-b9bd-49d1-8e21-4bb8a0862222"
  }