{
    "properties": {
      "displayName": "[Preview]: Configure Association to link Arc machines to user-defined Microsoft Defender for Cloud Data Collection Rule",
      "policyType": "BuiltIn",
      "mode": "Indexed",
      "description": "Configure Arc machines to automatically create an association with the user-defined data collection rule for Microsoft Defender for Cloud. Deleting this association will break the detection of security vulnerabilities for this Arc machine. Target Arc machines must be in a supported location.",
      "metadata": {
        "category": "Security Center",
        "version": "2.0.0-preview",
        "preview": true
      },
      "parameters": {
        "effect": {
          "type": "String",
          "metadata": {
            "displayName": "Effect",
            "description": "Enable or disable the execution of the policy"
          },
          "allowedValues": [
            "DeployIfNotExists",
            "Disabled"
          ],
          "defaultValue": "DeployIfNotExists"
        },
        "workspaceRegion": {
          "type": "String",
          "metadata": {
            "displayName": "Workspace region",
            "description": "Region of the Workspace to which the virtual machines in scope will send their logs. Needed to create the Data Collection Rule in the same region",
            "strongType": "location"
          }
        }
      },
      "policyRule": {
        "if": {
          "allOf": [
            {
              "field": "type",
              "equals": "Microsoft.HybridCompute/machines"
            },
            {
              "field": "location",
              "in": [
                "australiacentral",
                "australiaeast",
                "australiasoutheast",
                "brazilsouth",
                "canadacentral",
                "canadaeast",
                "centralindia",
                "centralus",
                "eastasia",
                "eastus2euap",
                "eastus",
                "eastus2",
                "francecentral",
                "germanywestcentral",
                "japaneast",
                "japanwest",
                "jioindiawest",
                "koreacentral",
                "koreasouth",
                "northcentralus",
                "northeurope",
                "norwayeast",
                "southafricanorth",
                "southcentralus",
                "southeastasia",
                "southindia",
                "switzerlandnorth",
                "uaenorth",
                "uksouth",
                "ukwest",
                "westcentralus",
                "westeurope",
                "westindia",
                "westus",
                "westus2"
              ]
            }
          ]
        },
        "then": {
          "effect": "[parameters('effect')]",
          "details": {
            "type": "Microsoft.Insights/dataCollectionRuleAssociations",
            "name": "Security-RulesAssociation",
            "roleDefinitionIds": [
              "/providers/microsoft.authorization/roleDefinitions/749f88d5-cbae-40b8-bcfc-e573ddc772fa",
              "/providers/microsoft.authorization/roleDefinitions/92aaf0da-9dab-42b6-94a3-d43ce8d16293"
            ],
            "deployment": {
              "properties": {
                "mode": "incremental",
                "parameters": {
                  "resourceGroup": {
                    "value": "[resourceGroup().name]"
                  },
                  "vmName": {
                    "value": "[field('name')]"
                  },
                  "workspaceRegion": {
                    "value": "[parameters('workspaceRegion')]"
                  }
                },
                "template": {
                  "$schema": "https://schema.management.azure.com/schemas/2019-04-01/deploymentTemplate.json#",
                  "contentVersion": "1.0.0.0",
                  "parameters": {
                    "resourceGroup": {
                      "type": "string"
                    },
                    "vmName": {
                      "type": "string"
                    },
                    "workspaceRegion": {
                      "type": "string"
                    }
                  },
                  "variables": {
                    "locationLongNameToShortMap": {
                      "australiacentral": "CAU",
                      "australiaeast": "EAU",
                      "australiasoutheast": "SEAU",
                      "brazilsouth": "CQ",
                      "canadacentral": "CCA",
                      "canadaeast": "CCA",
                      "centralindia": "CIN",
                      "centralus": "CUS",
                      "eastasia": "EA",
                      "eastus2euap": "eus2p",
                      "eastus": "EUS",
                      "eastus2": "EUS2",
                      "francecentral": "PAR",
                      "germanywestcentral": "DEWC",
                      "japaneast": "EJP",
                      "japanwest": "EJP",
                      "jioindiawest": "CIN",
                      "koreacentral": "SE",
                      "koreasouth": "SE",
                      "northcentralus": "NCUS",
                      "northeurope": "NEU",
                      "norwayeast": "NOE",
                      "southafricanorth": "JNB",
                      "southcentralus": "SCUS",
                      "southeastasia": "SEA",
                      "southindia": "CIN",
                      "swedencentral": "SEC",
                      "switzerlandnorth": "CHN",
                      "switzerlandwest": "CHW",
                      "uaenorth": "DXB",
                      "uksouth": "SUK",
                      "ukwest": "WUK",
                      "westcentralus": "WCUS",
                      "westeurope": "WEU",
                      "westindia": "CIN",
                      "westus": "WUS",
                      "westus2": "WUS2"
                    },
                    "locationCode": "[variables('locationLongNameToShortMap')[parameters('workspaceRegion')]]",
                    "subscriptionId": "[subscription().subscriptionId]",
                    "defaultRGName": "[concat('DefaultResourceGroup-', variables('locationCode'))]",
                    "dcrName": "[concat('Microsoft-Security-', parameters('workspaceRegion'), '-dcr')]",
                    "dcrId": "[concat('/subscriptions/', variables('subscriptionId'), '/resourceGroups/', variables('defaultRGName'), '/providers/Microsoft.Insights/dataCollectionRules/', variables('dcrName'))]",
                    "dcraName": "[concat(parameters('vmName'),'/Microsoft.Insights/Security-RulesAssociation')]"
                  },
                  "resources": [
                    {
                      "type": "Microsoft.HybridCompute/machines/providers/dataCollectionRuleAssociations",
                      "name": "[variables('dcraName')]",
                      "apiVersion": "2021-04-01",
                      "properties": {
                        "description": "Association of data collection rule for Microsoft Defender for Cloud. Deleting this association will break the detection of security vulnerabilities for this virtual machine.",
                        "dataCollectionRuleId": "[variables('dcrId')]"
                      }
                    }
                  ]
                }
              }
            }
          }
        }
      }
    },
    "id": "/providers/Microsoft.Authorization/policyDefinitions/c9ae938d-3d6f-4466-b7c3-351761d9c890",
    "type": "Microsoft.Authorization/policyDefinitions",
    "name": "c9ae938d-3d6f-4466-b7c3-351761d9c890"
  }