{
  "displayName": "Deploy Diagnostic Settings for Azure Storage blobs to Log Analytics workspace",
  "mode": "Indexed",
  "description": "Deploys the diagnostic settings for Azure Storage blobs to stream to a regional Log Analytics workspace when any Azure Storage which is missing this diagnostic settings is created or updated.",
  "metadata": {
    "category": "Monitoring"
  },
  "parameters": {
    "effect": {
      "type": "String",
      "metadata": {
        "displayName": "Effect",
        "description": "Enable or disable the execution of the policy"
      },
      "allowedValues": [
        "DeployIfNotExists",
        "Disabled"
      ],
      "defaultValue": "DeployIfNotExists"
    },
    "profileName": {
      "type": "String",
      "metadata": {
        "displayName": "Profile name",
        "description": "The diagnostic settings profile name"
      },
      "defaultValue": "setbypolicy_logAnalytics"
    },
    "workspaceId": {
      "type": "String",
      "metadata": {
        "displayName": "Log Analytics workspace",
        "description": "Select Log Analytics workspace from dropdown list. If this workspace is outside of the scope of the assignment you must manually grant 'Log Analytics Contributor' permissions (or similar) to the policy assignment's principal ID.",
        "strongType": "omsWorkspace",
        "assignPermissions": true
      }
    },
    "metricsEnabled": {
      "type": "String",
      "metadata": {
        "displayName": "Enable metrics",
        "description": "Whether to enable metrics stream to the Log Analytics workspace - True or False"
      },
      "allowedValues": [
        "True",
        "False"
      ],
      "defaultValue": "False"
    },
    "logsEnabled": {
      "type": "String",
      "metadata": {
        "displayName": "Enable logs",
        "description": "Whether to enable logs stream to the Log Analytics workspace - True or False"
      },
      "allowedValues": [
        "True",
        "False"
      ],
      "defaultValue": "True"
    }
  },
  "policyRule": {
    "if": {
      "field": "type",
      "equals": "Microsoft.Storage/storageAccounts"
    },
    "then": {
      "effect": "[parameters('effect')]",
      "details": {
        "type": "Microsoft.Insights/diagnosticSettings",
        "name": "[parameters('profileName')]",
        "existenceCondition": {
          "allOf": [
            {
              "field": "Microsoft.Insights/diagnosticSettings/logs.enabled",
              "equals": "[parameters('logsEnabled')]"
            },
            {
              "field": "Microsoft.Insights/diagnosticSettings/metrics.enabled",
              "equals": "[parameters('metricsEnabled')]"
            }
          ]
        },
        "roleDefinitionIds": [
          "/providers/microsoft.authorization/roleDefinitions/749f88d5-cbae-40b8-bcfc-e573ddc772fa",
          "/providers/microsoft.authorization/roleDefinitions/92aaf0da-9dab-42b6-94a3-d43ce8d16293"
        ],
        "deployment": {
          "properties": {
            "mode": "incremental",
            "template": {
              "$schema": "http://schema.management.azure.com/schemas/2015-01-01/deploymentTemplate.json#",
              "contentVersion": "1.0.0.0",
              "parameters": {
                "resourceName": {
                  "type": "string"
                },
                "location": {
                  "type": "string"
                },
                "workspaceId": {
                  "type": "string"
                },
                "metricsEnabled": {
                  "type": "string"
                },
                "logsEnabled": {
                  "type": "string"
                },
                "profileName": {
                  "type": "string"
                }
              },
              "variables": {},
              "resources": [
                {
                  "type": "Microsoft.Storage/storageAccounts/blobServices/providers/diagnosticSettings",
                  "apiVersion": "2017-05-01-preview",
                  "name": "[concat(parameters('resourceName'), '/default/microsoft.insights/', parameters('profileName'))]",
                  "location": "[parameters('location')]",
                  "dependsOn": [],
                  "properties": {
                    "workspaceId": "[parameters('workspaceId')]",
                    "metrics": [
                      {
                        "category": "Capacity",
                        "enabled": "[parameters('metricsEnabled')]",
                        "retentionPolicy": {
                          "enabled": false,
                          "days": 0
                        }
                      },
                      {
                        "category": "Transaction",
                        "enabled": "[parameters('metricsEnabled')]",
                        "retentionPolicy": {
                          "enabled": false,
                          "days": 0
                        }
                      }
                    ],
                    "logs": [
                      {
                        "category": "StorageRead",
                        "enabled": "[parameters('logsEnabled')]",
                        "retentionPolicy": {
                          "days": 0,
                          "enabled": false
                        }
                      },
                      {
                        "category": "StorageWrite",
                        "enabled": "[parameters('logsEnabled')]",
                        "retentionPolicy": {
                          "days": 0,
                          "enabled": false
                        }
                      },
                      {
                        "category": "StorageDelete",
                        "enabled": "[parameters('logsEnabled')]",
                        "retentionPolicy": {
                          "days": 0,
                          "enabled": false
                        }
                      }
                    ]
                  }
                }
              ],
              "outputs": {}
            },
            "parameters": {
              "location": {
                "value": "[field('location')]"
              },
              "resourceName": {
                "value": "[field('name')]"
              },
              "workspaceId": {
                "value": "[parameters('workspaceId')]"
              },
              "metricsEnabled": {
                "value": "[parameters('metricsEnabled')]"
              },
              "logsEnabled": {
                "value": "[parameters('logsEnabled')]"
              },
              "profileName": {
                "value": "[parameters('profileName')]"
              }
            }
          }
        }
      }
    }
  }
}