{
  "type": "Microsoft.Authorization/policyDefinitions",
  "name": "deploy_network_security_group_diagnostic_setting",
  "properties": {
    "displayName": "Deploy Diagnostic Settings for Network Security Groups to a Log Analytics workspace",
    "description": "Deploys the diagnostic settings for Network Security Groups to stream to a regional Log Analytics workspace when any Network Security Group which is missing this diagnostic settings is created or updated.",
    "metadata": {
      "category": "Monitoring"
    },
    "parameters": {
      "effect": {
        "type": "String",
        "defaultValue": "AuditIfNotExists",
        "allowedValues": [
          "AuditIfNotExists",
          "DeployIfNotExists",
          "Disabled"
        ],
        "metadata": {
          "description": "Enable or disable the execution of the policy"
        }
      },
      "profileName": {
        "type": "String",
        "defaultValue": "setby_securitypolicy",
        "metadata": {
          "displayName": "Profile name",
          "description": "The diagnostic settings profile name"
        }
      },
      "workspaceId": {
        "type": "String",
        "metadata": {
          "displayName": "Log Analytics workspace Id",
          "description": "Select Log Analytics workspace from dropdown list. If this workspace is outside of the scope of the assignment you must manually grant 'Log Analytics Contributor' permissions (or similar) to the policy assignment's principal ID.",
          "assignPermissions": true
        }
      },
      "logsEnabled": {
        "type": "String",
        "metadata": {
          "displayName": "Enable Logs",
          "description": "Enable Logs - True or False"
        },
        "allowedValues": [
          "True",
          "False"
        ],
        "defaultValue": "True"
      }
    },
    "policyRule": {
      "if": {
        "allOf": [
          {
            "field": "type",
            "equals": "Microsoft.Network/networkSecurityGroups"
          }
        ]
      },
      "then": {
        "effect": "[parameters('effect')]",
        "details": {
          "type": "Microsoft.Insights/diagnosticSettings",
          "name": "[parameters('profileName')]",
          "existenceCondition": {
            "allOf": [
              {
                "field": "Microsoft.Insights/diagnosticSettings/logs.enabled",
                "equals": "[parameters('logsEnabled')]"
              }
            ]
          },
          "roleDefinitionIds": [
            "/providers/microsoft.authorization/roleDefinitions/749f88d5-cbae-40b8-bcfc-e573ddc772fa"
          ],
          "deployment": {
            "properties": {
              "mode": "incremental",
              "template": {
                "$schema": "https://schema.management.azure.com/schemas/2015-01-01/deploymentTemplate.json#",
                "contentVersion": "1.0.0.0",
                "parameters": {
                  "resourceName": {
                    "type": "String"
                  },
                  "workspaceId": {
                    "type": "String"
                  },
                  "logsEnabled": {
                    "type": "String"
                  },
                  "profileName": {
                    "type": "String"
                  }
                },
                "variables": {},
                "resources": [
                  {
                    "type": "Microsoft.Network/networkSecurityGroups/providers/diagnosticSettings",
                    "name": "[concat(parameters('resourceName'), '/', 'Microsoft.Insights/', parameters('profileName'))]",
                    "apiVersion": "2017-05-01-preview",
                    "location": "WestUS3",
                    "dependsOn": [],
                    "properties": {
                      "workspaceId": "[parameters('workspaceId')]",
                      "logs": [
                        {
                          "category": "NetworkSecurityGroupEvent",
                          "enabled": "[parameters('logsEnabled')]"
                        },
                        {
                          "category": "NetworkSecurityGroupRuleCounter",
                          "enabled": "[parameters('logsEnabled')]"
                        }
                      ]
                    }
                  }
                ]
              },
              "parameters": {
                "resourceName": {
                  "value": "[field('name')]"
                },
                "workspaceId": {
                  "value": "[parameters('workspaceId')]"
                },
                "profileName": {
                  "value": "[parameters('profileName')]"
                },
                "logsEnabled": {
                  "value": "[parameters('logsEnabled')]"
                }
              }
            }
          }
        }
      }
    }
  }
}
