{
  "type": "Microsoft.Authorization/policyDefinitions",
  "name": "deploy_virtual_machine_diagnostic_setting",
  "properties": {
    "displayName": "Deploy Diagnostic Settings for Virtual Machines to a Log Analytics workspace",
    "description": "Deploys the diagnostic settings for Virtual Machines to stream to a regional Log Analytics workspace when any Virtual Machine which is missing this diagnostic settings is created or updated.",
    "metadata": {
      "category": "Monitoring"
    },
    "parameters": {
      "effect": {
        "type": "String",
        "defaultValue": "AuditIfNotExists",
        "allowedValues": [
          "AuditIfNotExists",
          "DeployIfNotExists",
          "Disabled"
        ],
        "metadata": {
          "description": "Enable or disable the execution of the policy"
        }
      },
      "profileName": {
        "type": "String",
        "defaultValue": "setby_securitypolicy",
        "metadata": {
          "displayName": "Profile name",
          "description": "The diagnostic settings profile name"
        }
      },
      "workspaceId": {
        "type": "String",
        "metadata": {
          "displayName": "Log Analytics workspace Id",
          "description": "Select Log Analytics workspace from dropdown list. If this workspace is outside of the scope of the assignment you must manually grant 'Log Analytics Contributor' permissions (or similar) to the policy assignment's principal ID.",
          "assignPermissions": true
        }
      },
      "metricsEnabled": {
        "type": "String",
        "defaultValue": "False",
        "allowedValues": [
          "True",
          "False"
        ],
        "metadata": {
          "displayName": "Enable metrics",
          "description": "Whether to enable metrics stream to the Log Analytics workspace - True or False"
        }
      },
      "logsEnabled": {
        "type": "String",
        "defaultValue": "True",
        "allowedValues": [
          "True",
          "False"
        ],
        "metadata": {
          "displayName": "Enable logs",
          "description": "Whether to enable logs stream to the Log Analytics workspace - True or False"
        }
      }
    },
    "policyRule": {
      "if": {
        "field": "type",
        "equals": "Microsoft.Compute/virtualMachines"
      },
      "then": {
        "effect": "[parameters('effect')]",
        "details": {
          "type": "Microsoft.Insights/diagnosticSettings",
          "name": "[parameters('profileName')]",
          "existenceCondition": {
            "allOf": [
              {
                "field": "Microsoft.Insights/diagnosticSettings/logs.enabled",
                "equals": "[parameters('logsEnabled')]"
              },
              {
                "field": "Microsoft.Insights/diagnosticSettings/metrics.enabled",
                "equals": "[parameters('metricsEnabled')]"
              }
            ]
          },
          "roleDefinitionIds": [
            "/providers/Microsoft.Authorization/roleDefinitions/92aaf0da-9dab-42b6-94a3-d43ce8d16293"
          ],
          "deployment": {
            "properties": {
              "mode": "incremental",
              "template": {
                "$schema": "http://schema.management.azure.com/schemas/2015-01-01/deploymentTemplate.json#",
                "contentVersion": "1.0.0.0",
                "parameters": {
                  "resourceName": {
                    "type": "String"
                  },
                  "workspaceId": {
                    "type": "String"
                  },
                  "metricsEnabled": {
                    "type": "String"
                  },
                  "logsEnabled": {
                    "type": "String"
                  },
                  "profileName": {
                    "type": "String"
                  }
                },
                "variables": {},
                "resources": [
                  {
                    "type": "Microsoft.Compute/virtualMachines/providers/diagnosticSettings",
                    "apiVersion": "2017-05-01-preview",
                    "name": "[concat(parameters('resourceName'), '/', 'Microsoft.Insights/', parameters('profileName'))]",
                    "location": "WestUS3",
                    "dependsOn": [],
                    "properties": {
                      "workspaceId": "[parameters('workspaceId')]",
                      "metrics": [
                        {
                          "category": "AllMetrics",
                          "enabled": "[parameters('metricsEnabled')]",
                          "timeGrain": null
                        }
                      ],
                      "logs": [
                        {
                          "category": "SoftwareUpdates",
                          "enabled": "[parameters('logsEnabled')]"
                        },
                        {
                          "category": "SoftwareUpdateProfile",
                          "enabled": "[parameters('logsEnabled')]"
                        }
                      ]
                    }
                  }
                ],
                "outputs": {}
              },
              "parameters": {
                "resourceName": {
                  "value": "[field('name')]"
                },
                "workspaceId": {
                  "value": "[parameters('workspaceId')]"
                },
                "metricsEnabled": {
                  "value": "[parameters('metricsEnabled')]"
                },
                "logsEnabled": {
                  "value": "[parameters('logsEnabled')]"
                },
                "profileName": {
                  "value": "[parameters('profileName')]"
                }
              }
            }
          }
        }
      }
    }
  }
}
