{
  "type": "Microsoft.Authorization/policyDefinitions",
  "name": "deploy_public_ip_diagnostic_setting",
  "properties": {
    "displayName": "Deploy Diagnostic Settings for Public IPs to a Log Analytics workspace",
    "description": "Deploys the diagnostic settings for Public IPs to stream to a regional Log Analytics workspace when any Public IP which is missing this diagnostic settings is created or updated.",
    "metadata": {
      "category": "Monitoring"
    },
    "parameters": {
      "effect": {
        "type": "String",
        "defaultValue": "AuditIfNotExists",
        "allowedValues": [
          "AuditIfNotExists",
          "DeployIfNotExists",
          "Disabled"
        ],
        "metadata": {
          "description": "Enable or disable the execution of the policy"
        }
      },
      "profileName": {
        "type": "String",
        "defaultValue": "setby_securitypolicy",
        "metadata": {
          "displayName": "Profile name",
          "description": "The diagnostic settings profile name"
        }
      },
      "workspaceId": {
        "type": "String",
        "metadata": {
          "displayName": "Log Analytics workspace Id",
          "description": "Select Log Analytics workspace from dropdown list. If this workspace is outside of the scope of the assignment you must manually grant 'Log Analytics Contributor' permissions (or similar) to the policy assignment's principal ID.",
          "assignPermissions": true
        }
      },
      "metricsEnabled": {
        "type": "String",
        "metadata": {
          "displayName": "Enable Metrics",
          "description": "Enable Metrics - True or False"
        },
        "allowedValues": [
          "True",
          "False"
        ],
        "defaultValue": "True"
      },
      "logsEnabled": {
        "type": "String",
        "metadata": {
          "displayName": "Enable Logs",
          "description": "Enable Logs - True or False"
        },
        "allowedValues": [
          "True",
          "False"
        ],
        "defaultValue": "True"
      }
    },
    "policyRule": {
      "if": {
        "allOf": [
          {
            "field": "type",
            "equals": "Microsoft.Network/publicIPAddresses"
          }
        ]
      },
      "then": {
        "effect": "[parameters('effect')]",
        "details": {
          "type": "Microsoft.Insights/diagnosticSettings",
          "name": "[parameters('profileName')]",
          "existenceCondition": {
            "allOf": [
              {
                "field": "Microsoft.Insights/diagnosticSettings/logs.enabled",
                "equals": "[parameters('logsEnabled')]"
              },
              {
                "field": "Microsoft.Insights/diagnosticSettings/metrics.enabled",
                "equals": "[parameters('metricsEnabled')]"
              }
            ]
          },
          "roleDefinitionIds": [
            "/providers/Microsoft.Authorization/roleDefinitions/749f88d5-cbae-40b8-bcfc-e573ddc772fa",
            "/providers/microsoft.authorization/roleDefinitions/92aaf0da-9dab-42b6-94a3-d43ce8d16293"
          ],
          "deployment": {
            "properties": {
              "mode": "incremental",
              "template": {
                "$schema": "http://schema.management.azure.com/schemas/2015-01-01/deploymentTemplate.json#",
                "contentVersion": "1.0.0.0",
                "parameters": {
                  "resourceName": {
                    "type": "String"
                  },
                  "workspaceId": {
                    "type": "String"
                  },
                  "metricsEnabled": {
                    "type": "String"
                  },
                  "logsEnabled": {
                    "type": "String"
                  },
                  "profileName": {
                    "type": "String"
                  }
                },
                "variables": {},
                "resources": [
                  {
                    "type": "Microsoft.Network/publicIPAddresses/providers/diagnosticSettings",
                    "apiVersion": "2017-05-01-preview",
                    "name": "[concat(parameters('resourceName'), '/', 'Microsoft.Insights/', parameters('profileName'))]",
                    "location": "WestUS3",
                    "dependsOn": [],
                    "properties": {
                      "workspaceId": "[parameters('workspaceId')]",
                      "metrics": [
                        {
                          "category": "AllMetrics",
                          "enabled": "[parameters('metricsEnabled')]",
                          "timeGrain": null
                        }
                      ],
                      "logs": [
                        {
                          "category": "DDoSProtectionNotifications",
                          "enabled": "[parameters('logsEnabled')]"
                        },
                        {
                          "category": "DDoSMitigationFlowLogs",
                          "enabled": "[parameters('logsEnabled')]"
                        },
                        {
                          "category": "DDoSMitigationReports",
                          "enabled": "[parameters('logsEnabled')]"
                        }
                      ]
                    }
                  }
                ],
                "outputs": {
                }
              },
              "parameters": {
                "resourceName": {
                  "value": "[field('name')]"
                },
                "workspaceId": {
                  "value": "[parameters('workspaceId')]"
                },
                "metricsEnabled": {
                  "value": "[parameters('metricsEnabled')]"
                },
                "logsEnabled": {
                  "value": "[parameters('logsEnabled')]"
                },
                "profileName": {
                  "value": "[parameters('profileName')]"
                }
              }
            }
          }
        }
      }
    }
  }
}
