{
    "type": "Microsoft.Authorization/policyDefinitions",
    "name": "require_resource_group_tags",
    "properties": {
      "metadata": {
        "category": "Tags"
      },
      "parameters": {
        "application-owner": {
          "type": "String",
          "defaultValue": "application-owner",
          "metadata": {
            "displayName": "application-owner tag",
            "description": "Application owner should be the distribution list of the team responsible for supporting the applications that are hosted on the resources."
          }
        },
        "effect": {
          "type": "String",
          "defaultValue": "Audit",
          "allowedValues": [
            "Audit",
            "Deny",
            "Disabled"
          ],
          "metadata": {
            "displayName": "Effect",
            "description": "The effect determines what happens when the policy rule is evaluated to match"
          }
        }
      },
      "policyRule": {
        "if": {
          "allOf": [
            {
              "field": "type",
              "equals": "Microsoft.Resources/subscriptions/resourceGroups"
            },
            {
              "field": "[concat('tags[', parameters('application-owner'), ']')]",
              "exists": "false"
            }
          ]
        },
        "then": {
          "effect": "[parameters('effect')]"
        }
      }
    }
  }
  