{
    "type": "Microsoft.Authorization/policyDefinitions",
    "name": "require_resource_admin_tags",
    "properties": {
      "metadata": {
        "category": "Tags"
      },
      "parameters": {
        "resource-admin": {
          "type": "String",
          "defaultValue": "resource-admin",
          "metadata": {
            "displayName": "resource-admin tag",
            "description": "Resource admin should be the distribution list of the team which has the capability to acquire administrative rights to the cloud resource."
          }
        },
       
        "effect": {
          "type": "String",
          "defaultValue": "Audit",
          "allowedValues": [
            "Audit",
            "Deny",
            "Disabled"
          ],
          "metadata": {
            "displayName": "Effect",
            "description": "The effect determines what happens when the policy rule is evaluated to match"
          }
        }
      },
      "policyRule": {
        "if": {
          "allOf": [
            {
              "field": "type",
              "equals": "Microsoft.Resources/subscriptions/resourceGroups"
            },
            {
              "field": "[concat('tags[', parameters('resource-admin'), ']')]",
              "exists": "false"
            }
          ]
        },
        "then": {
          "effect": "[parameters('effect')]"
        }
      }
    }
  }
  