{
    "type": "Microsoft.Authorization/policyDefinitions",
    "name": "require_resource_group_tags",
    "properties": {
      "metadata": {
        "category": "Tags"
      },
      "parameters": {
        "product": {
          "type": "String",
          "defaultValue": "product",
          "metadata": {
            "displayName": "product tag",
            "description": "Docusign Agreement Cloud product or the high level shared service product."
          }
        },
        "effect": {
          "type": "String",
          "defaultValue": "Audit",
          "allowedValues": [
            "Audit",
            "Deny",
            "Disabled"
          ],
          "metadata": {
            "displayName": "Effect",
            "description": "The effect determines what happens when the policy rule is evaluated to match"
          }
        }
      },
      "policyRule": {
        "if": {
          "allOf": [
            {
              "field": "type",
              "equals": "Microsoft.Resources/subscriptions/resourceGroups"
            },
            {
              "field": "[concat('tags[', parameters('product'), ']')]",
              "exists": "false"
            }
          ]
        },
        "then": {
          "effect": "[parameters('effect')]"
        }
      }
    }
  }
  