{
  "properties": {
    "displayName": "config_mysql",
    "policyType": "BuiltIn",
    "mode": "Indexed",
    "description": "Deploy Association to link Linux virtual machines, virtual machine scale sets, and Arc machines to the specified Data Collection Rule or the specified Data Collection Endpoint. The list of locations and OS images are updated over time as support is increased.",
    "metadata": {
      "version": "6.1.0",
      "category": "Monitoring"
    },
    "parameters": {
      "effect": {
        "type": "String",
        "metadata": {
          "displayName": "Effect",
          "description": "Enable or disable the execution of the policy."
        },
        "allowedValues": [
          "DeployIfNotExists",
          "Disabled"
        ],
        "defaultValue": "DeployIfNotExists"
      },
      "listOfLinuxImageIdToInclude": {
        "type": "Array",
        "metadata": {
          "displayName": "Additional Linux Machine Images",
          "description": "List of machine images that have supported Linux OS to add to scope. Example values: '/subscriptions/<subscriptionId>/resourceGroups/YourResourceGroup/providers/Microsoft.Compute/images/ContosoStdImage'"
        },
        "defaultValue": []
      },
      "dcrResourceId": {
        "type": "String",
        "metadata": {
          "displayName": "Data Collection Rule Resource Id or Data Collection Endpoint Resource Id",
          "description": "Resource Id of the Data Collection Rule or the Data Collection Endpoint to be applied on the Linux machines in scope.",
          "portalReview": "true"
        }
      },
      "resourceType": {
        "type": "String",
        "metadata": {
          "displayName": "Resource Type",
          "description": "Either a Data Collection Rule (DCR) or a Data Collection Endpoint (DCE)",
          "portalReview": "true"
        },
        "allowedValues": [
          "Microsoft.Insights/dataCollectionRules",
          "Microsoft.Insights/dataCollectionEndpoints"
        ],
        "defaultValue": "Microsoft.Insights/dataCollectionRules"
      }
    },
    "policyRule": {
      "if": {
        "allOf": [
          {
            "field": "location",
            "in": [
              "australiacentral",
              "australiacentral2",
              "australiaeast",
              "australiasoutheast",
              "brazilsouth",
              "brazilsoutheast",
              "canadacentral",
              "canadaeast",
              "centralindia",
              "centralus",
              "eastasia",
              "eastus",
              "eastus2",
              "eastus2euap",
              "francecentral",
              "francesouth",
              "germanywestcentral",
              "japaneast",
              "japanwest",
              "jioindiawest",
              "koreacentral",
              "koreasouth",
              "northcentralus",
              "northeurope",
              "norwayeast",
              "norwaywest",
              "southafricanorth",
              "southcentralus",
              "southeastasia",
              "southindia",
              "swedencentral",
              "switzerlandnorth",
              "switzerlandwest",
              "uaenorth",
              "uksouth",
              "ukwest",
              "westcentralus",
              "westeurope",
              "westindia",
              "westus",
              "westus2",
              "westus3"
            ]
          },
          {
            "anyOf": [
              {
                "allOf": [
                  {
                    "field": "type",
                    "equals": "Microsoft.HybridCompute/machines"
                  },
                  {
                    "field": "Microsoft.HybridCompute/machines/osName",
                    "equals": "linux"
                  }
                ]
              },
              {
                "allOf": [
                  {
                    "anyOf": [
                      {
                        "field": "type",
                        "equals": "Microsoft.Compute/virtualMachines"
                      },
                      {
                        "field": "type",
                        "equals": "Microsoft.Compute/virtualMachineScaleSets"
                      }
                    ]
                  },
                  {
                    "anyOf": [
                      {
                        "field": "Microsoft.Compute/imageId",
                        "in": "[parameters('listOfLinuxImageIdToInclude')]"
                      },
                      {
                        "allOf": [
                          {
                            "field": "Microsoft.Compute/imagePublisher",
                            "equals": "RedHat"
                          },
                          {
                            "field": "Microsoft.Compute/imageOffer",
                            "in": [
                              "RHEL",
                              "RHEL-ARM64",
                              "RHEL-BYOS",
                              "RHEL-HA",
                              "RHEL-SAP",
                              "RHEL-SAP-APPS",
                              "RHEL-SAP-HA"
                            ]
                          },
                          {
                            "anyOf": [
                              {
                                "field": "Microsoft.Compute/imageSku",
                                "like": "7*"
                              },
                              {
                                "field": "Microsoft.Compute/imageSku",
                                "like": "8*"
                              },
                              {
                                "field": "Microsoft.Compute/imageSku",
                                "like": "rhel-lvm7*"
                              },
                              {
                                "field": "Microsoft.Compute/imageSku",
                                "like": "rhel-lvm8*"
                              }
                            ]
                          }
                        ]
                      },
                      {
                        "allOf": [
                          {
                            "field": "Microsoft.Compute/imagePublisher",
                            "equals": "SUSE"
                          },
                          {
                            "anyOf": [
                              {
                                "allOf": [
                                  {
                                    "field": "Microsoft.Compute/imageOffer",
                                    "in": [
                                      "SLES",
                                      "SLES-HPC",
                                      "SLES-HPC-Priority",
                                      "SLES-SAP",
                                      "SLES-SAP-BYOS",
                                      "SLES-Priority",
                                      "SLES-BYOS",
                                      "SLES-SAPCAL",
                                      "SLES-Standard"
                                    ]
                                  },
                                  {
                                    "anyOf": [
                                      {
                                        "field": "Microsoft.Compute/imageSku",
                                        "like": "12*"
                                      },
                                      {
                                        "field": "Microsoft.Compute/imageSku",
                                        "like": "15*"
                                      }
                                    ]
                                  }
                                ]
                              },
                              {
                                "allOf": [
                                  {
                                    "anyOf": [
                                      {
                                        "field": "Microsoft.Compute/imageOffer",
                                        "like": "sles-12*"
                                      },
                                      {
                                        "field": "Microsoft.Compute/imageOffer",
                                        "like": "sles-15*"
                                      }
                                    ]
                                  },
                                  {
                                    "field": "Microsoft.Compute/imageSku",
                                    "in": [
                                      "gen1",
                                      "gen2"
                                    ]
                                  }
                                ]
                              }
                            ]
                          }
                        ]
                      },
                      {
                        "allOf": [
                          {
                            "field": "Microsoft.Compute/imagePublisher",
                            "equals": "Canonical"
                          },
                          {
                            "anyOf": [
                              {
                                "field": "Microsoft.Compute/imageOffer",
                                "equals": "UbuntuServer"
                              },
                              {
                                "field": "Microsoft.Compute/imageOffer",
                                "like": "0001-com-ubuntu-server-*"
                              },
                              {
                                "field": "Microsoft.Compute/imageOffer",
                                "like": "0001-com-ubuntu-pro-*"
                              }
                            ]
                          },
                          {
                            "field": "Microsoft.Compute/imageSku",
                            "in": [
                              "14.04.0-lts",
                              "14.04.1-lts",
                              "14.04.2-lts",
                              "14.04.3-lts",
                              "14.04.4-lts",
                              "14.04.5-lts",
                              "16_04_0-lts-gen2",
                              "16_04-lts-gen2",
                              "16.04-lts",
                              "16.04.0-lts",
                              "18_04-lts-arm64",
                              "18_04-lts-gen2",
                              "18.04-lts",
                              "20_04-lts-arm64",
                              "20_04-lts-gen2",
                              "20_04-lts",
                              "22_04-lts-gen2",
                              "22_04-lts",
                              "pro-16_04-lts-gen2",
                              "pro-16_04-lts",
                              "pro-18_04-lts-gen2",
                              "pro-18_04-lts",
                              "pro-20_04-lts-gen2",
                              "pro-20_04-lts",
                              "pro-22_04-lts-gen2",
                              "pro-22_04-lts"
                            ]
                          }
                        ]
                      },
                      {
                        "allOf": [
                          {
                            "field": "Microsoft.Compute/imagePublisher",
                            "equals": "Oracle"
                          },
                          {
                            "field": "Microsoft.Compute/imageOffer",
                            "equals": "Oracle-Linux"
                          },
                          {
                            "anyOf": [
                              {
                                "field": "Microsoft.Compute/imageSku",
                                "like": "7*"
                              },
                              {
                                "field": "Microsoft.Compute/imageSku",
                                "like": "8*"
                              }
                            ]
                          }
                        ]
                      },
                      {
                        "allOf": [
                          {
                            "field": "Microsoft.Compute/imagePublisher",
                            "equals": "OpenLogic"
                          },
                          {
                            "field": "Microsoft.Compute/imageOffer",
                            "in": [
                              "CentOS",
                              "Centos-LVM",
                              "CentOS-SRIOV"
                            ]
                          },
                          {
                            "anyOf": [
                              {
                                "field": "Microsoft.Compute/imageSku",
                                "like": "6*"
                              },
                              {
                                "field": "Microsoft.Compute/imageSku",
                                "like": "7*"
                              },
                              {
                                "field": "Microsoft.Compute/imageSku",
                                "like": "8*"
                              }
                            ]
                          }
                        ]
                      },
                      {
                        "allOf": [
                          {
                            "field": "Microsoft.Compute/imagePublisher",
                            "equals": "cloudera"
                          },
                          {
                            "field": "Microsoft.Compute/imageOffer",
                            "equals": "cloudera-centos-os"
                          },
                          {
                            "field": "Microsoft.Compute/imageSku",
                            "like": "7*"
                          }
                        ]
                      },
                      {
                        "allOf": [
                          {
                            "field": "Microsoft.Compute/imagePublisher",
                            "equals": "almalinux"
                          },
                          {
                            "field": "Microsoft.Compute/imageOffer",
                            "equals": "almalinux"
                          },
                          {
                            "field": "Microsoft.Compute/imageSku",
                            "like": "8*"
                          }
                        ]
                      },
                      {
                        "allOf": [
                          {
                            "field": "Microsoft.Compute/imagePublisher",
                            "equals": "ctrliqinc1648673227698"
                          },
                          {
                            "field": "Microsoft.Compute/imageOffer",
                            "like": "rocky-8*"
                          },
                          {
                            "field": "Microsoft.Compute/imageSku",
                            "like": "rocky-8*"
                          }
                        ]
                      },
                      {
                        "allOf": [
                          {
                            "field": "Microsoft.Compute/imagePublisher",
                            "equals": "credativ"
                          },
                          {
                            "field": "Microsoft.Compute/imageOffer",
                            "in": [
                              "Debian"
                            ]
                          },
                          {
                            "field": "Microsoft.Compute/imageSku",
                            "equals": "9"
                          }
                        ]
                      },
                      {
                        "allOf": [
                          {
                            "field": "Microsoft.Compute/imagePublisher",
                            "equals": "Debian"
                          },
                          {
                            "field": "Microsoft.Compute/imageOffer",
                            "in": [
                              "debian-10",
                              "debian-11"
                            ]
                          },
                          {
                            "field": "Microsoft.Compute/imageSku",
                            "in": [
                              "10",
                              "10-gen2",
                              "11",
                              "11-gen2"
                            ]
                          }
                        ]
                      },
                      {
                        "allOf": [
                          {
                            "field": "Microsoft.Compute/imagePublisher",
                            "equals": "microsoftcblmariner"
                          },
                          {
                            "field": "Microsoft.Compute/imageOffer",
                            "equals": "cbl-mariner"
                          },
                          {
                            "field": "Microsoft.Compute/imageSku",
                            "in": [
                              "1-gen2",
                              "cbl-mariner-1",
                              "cbl-mariner-2",
                              "cbl-mariner-2-arm64",
                              "cbl-mariner-2-gen2"
                            ]
                          }
                        ]
                      }
                    ]
                  }
                ]
              }
            ]
          }
        ]
      },
      "then": {
        "effect": "[parameters('effect')]",
        "details": {
          "type": "Microsoft.Insights/dataCollectionRuleAssociations",
          "roleDefinitionIds": [
            "/providers/microsoft.authorization/roleDefinitions/749f88d5-cbae-40b8-bcfc-e573ddc772fa",
            "/providers/microsoft.authorization/roleDefinitions/92aaf0da-9dab-42b6-94a3-d43ce8d16293"
          ],
          "evaluationDelay": "AfterProvisioning",
          "existenceCondition": {
            "anyOf": [
              {
                "field": "Microsoft.Insights/dataCollectionRuleAssociations/dataCollectionRuleId",
                "equals": "[parameters('dcrResourceId')]"
              },
              {
                "field": "Microsoft.Insights/dataCollectionRuleAssociations/dataCollectionEndpointId",
                "equals": "[parameters('dcrResourceId')]"
              }
            ]
          },
          "deployment": {
            "properties": {
              "mode": "incremental",
              "template": {
                "$schema": "https://schema.management.azure.com/schemas/2015-01-01/deploymentTemplate.json#",
                "contentVersion": "1.0.0.0",
                "parameters": {
                  "resourceName": {
                    "type": "string"
                  },
                  "location": {
                    "type": "string"
                  },
                  "dcrResourceId": {
                    "type": "string"
                  },
                  "type": {
                    "type": "string"
                  },
                  "resourceType": {
                    "type": "string"
                  }
                },
                "variables": {
                  "dcrAssociationName": "[concat('assoc-', uniqueString(concat(parameters('resourceName'), parameters('dcrResourceId'))))]",
                  "dceAssociationName": "configurationAccessEndpoint",
                  "dcrResourceType": "Microsoft.Insights/dataCollectionRules",
                  "dceResourceType": "Microsoft.Insights/dataCollectionEndpoints"
                },
                "resources": [
                  {
                    "condition": "[and(equals(toLower(parameters('type')), 'microsoft.compute/virtualmachines'), equals(parameters('resourceType'), variables('dcrResourceType')))]",
                    "name": "[variables('dcrAssociationName')]",
                    "type": "Microsoft.Insights/dataCollectionRuleAssociations",
                    "apiVersion": "2021-04-01",
                    "properties": {
                      "dataCollectionRuleId": "[parameters('dcrResourceId')]"
                    },
                    "scope": "[concat('Microsoft.Compute/virtualMachines/', parameters('resourceName'))]"
                  },
                  {
                    "condition": "[and(equals(toLower(parameters('type')), 'microsoft.compute/virtualmachines'), equals(parameters('resourceType'), variables('dceResourceType')))]",
                    "name": "[variables('dceAssociationName')]",
                    "type": "Microsoft.Insights/dataCollectionRuleAssociations",
                    "apiVersion": "2021-04-01",
                    "properties": {
                      "dataCollectionEndpointId": "[parameters('dcrResourceId')]"
                    },
                    "scope": "[concat('Microsoft.Compute/virtualMachines/', parameters('resourceName'))]"
                  },
                  {
                    "condition": "[and(equals(toLower(parameters('type')), 'microsoft.compute/virtualmachinescalesets'), equals(parameters('resourceType'), variables('dcrResourceType')))]",
                    "name": "[variables('dcrAssociationName')]",
                    "type": "Microsoft.Insights/dataCollectionRuleAssociations",
                    "apiVersion": "2021-04-01",
                    "properties": {
                      "dataCollectionRuleId": "[parameters('dcrResourceId')]"
                    },
                    "scope": "[concat('Microsoft.Compute/virtualMachineScaleSets/', parameters('resourceName'))]"
                  },
                  {
                    "condition": "[and(equals(toLower(parameters('type')), 'microsoft.compute/virtualmachinescalesets'), equals(parameters('resourceType'), variables('dceResourceType')))]",
                    "name": "[variables('dceAssociationName')]",
                    "type": "Microsoft.Insights/dataCollectionRuleAssociations",
                    "apiVersion": "2021-04-01",
                    "properties": {
                      "dataCollectionEndpointId": "[parameters('dcrResourceId')]"
                    },
                    "scope": "[concat('Microsoft.Compute/virtualMachineScaleSets/', parameters('resourceName'))]"
                  },
                  {
                    "condition": "[and(equals(toLower(parameters('type')), 'microsoft.hybridcompute/machines'), equals(parameters('resourceType'), variables('dcrResourceType')))]",
                    "name": "[variables('dcrAssociationName')]",
                    "type": "Microsoft.Insights/dataCollectionRuleAssociations",
                    "apiVersion": "2021-04-01",
                    "properties": {
                      "dataCollectionRuleId": "[parameters('dcrResourceId')]"
                    },
                    "scope": "[concat('Microsoft.HybridCompute/machines/', parameters('resourceName'))]"
                  },
                  {
                    "condition": "[and(equals(toLower(parameters('type')), 'microsoft.hybridcompute/machines'), equals(parameters('resourceType'), variables('dceResourceType')))]",
                    "name": "[variables('dceAssociationName')]",
                    "type": "Microsoft.Insights/dataCollectionRuleAssociations",
                    "apiVersion": "2021-04-01",
                    "properties": {
                      "dataCollectionEndpointId": "[parameters('dcrResourceId')]"
                    },
                    "scope": "[concat('Microsoft.HybridCompute/machines/', parameters('resourceName'))]"
                  }
                ]
              },
              "parameters": {
                "resourceName": {
                  "value": "[field('name')]"
                },
                "location": {
                  "value": "[field('location')]"
                },
                "dcrResourceId": {
                  "value": "[parameters('dcrResourceId')]"
                },
                "type": {
                  "value": "[field('type')]"
                },
                "resourceType": {
                  "value": "[parameters('resourceType')]"
                }
              }
            }
          }
        }
      }
    }
  },
  "id": "/providers/Microsoft.Authorization/policyDefinitions/2ea82cdd-f2e8-4500-af75-67a2e084ca74",
  "type": "Microsoft.Authorization/policyDefinitions",
  "name": "2ea82cdd-f2e8-4500-af75-67a2e084ca74"
}